"pack","branch","set","question","answer_a","answer_b","answer_c","answer_d","correct"
"1","thieu","1","Câu 1","A","B","C","D","A"
"1","thieu","1","Câu 2","A","B","C","D","B"
"1","thieu","1","Câu 3","A","B","C","D","C"
"1","thieu","1","Câu 4","A","B","C","D","D"
"1","thieu","1","Câu 5","A","B","C","D","A"
"1","thieu","1","Câu 6","A","B","C","D","B"
"1","thieu","1","Câu 7","A","B","C","D","C"
"1","thieu","1","Câu 8","A","B","C","D","D"
"1","thieu","1","Câu 9","A","B","C","D","A"
"1","thieu","1","Câu 10","A","B","C","D","B"
"1","thieu","2","Câu 1","A","B","C","D","A"
"1","thieu","2","Câu 2","A","B","C","D","B"
"1","thieu","2","Câu 3","A","B","C","D","C"
"1","thieu","2","Câu 4","A","B","C","D","D"
"1","thieu","2","Câu 5","A","B","C","D","A"
"1","thieu","2","Câu 6","A","B","C","D","B"
"1","thieu","2","Câu 7","A","B","C","D","C"
"1","thieu","2","Câu 8","A","B","C","D","D"
"1","thieu","2","Câu 9","A","B","C","D","A"
"1","thieu","2","Câu 10","A","B","C","D","B"
"1","thieu","3","Câu 1","A","B","C","D","A"
"1","thieu","3","Câu 2","A","B","C","D","B"
"1","thieu","3","Câu 3","A","B","C","D","C"
"1","thieu","3","Câu 4","A","B","C","D","D"
"1","thieu","3","Câu 5","A","B","C","D","A"
"1","thieu","3","Câu 6","A","B","C","D","B"
"1","thieu","3","Câu 7","A","B","C","D","C"
"1","thieu","3","Câu 8","A","B","C","D","D"
"1","thieu","3","Câu 9","A","B","C","D","A"
"1","thieu","3","Câu 10","A","B","C","D","B"
"1","thieu","4","Câu 1","A","B","C","D","A"
"1","thieu","4","Câu 2","A","B","C","D","B"
"1","thieu","4","Câu 3","A","B","C","D","C"
"1","thieu","4","Câu 4","A","B","C","D","D"
"1","thieu","4","Câu 5","A","B","C","D","A"
"1","thieu","4","Câu 6","A","B","C","D","B"
"1","thieu","4","Câu 7","A","B","C","D","C"
"1","thieu","4","Câu 8","A","B","C","D","D"
"1","thieu","4","Câu 9","A","B","C","D","A"
"1","thieu","4","Câu 10","A","B","C","D","B"
"1","oanh","1","Câu 1","A","B","C","D","A"
"1","oanh","1","Câu 2","A","B","C","D","B"
"1","oanh","1","Câu 3","A","B","C","D","C"
"1","oanh","1","Câu 4","A","B","C","D","D"
"1","oanh","1","Câu 5","A","B","C","D","A"
"1","oanh","1","Câu 6","A","B","C","D","B"
"1","oanh","1","Câu 7","A","B","C","D","C"
"1","oanh","1","Câu 8","A","B","C","D","D"
"1","oanh","1","Câu 9","A","B","C","D","A"
"1","oanh","1","Câu 10","A","B","C","D","B"
"1","oanh","2","Câu 1","A","B","C","D","A"
"1","oanh","2","Câu 2","A","B","C","D","B"
"1","oanh","2","Câu 3","A","B","C","D","C"
"1","oanh","2","Câu 4","A","B","C","D","D"
"1","oanh","2","Câu 5","A","B","C","D","A"
"1","oanh","2","Câu 6","A","B","C","D","B"
"1","oanh","2","Câu 7","A","B","C","D","C"
"1","oanh","2","Câu 8","A","B","C","D","D"
"1","oanh","2","Câu 9","A","B","C","D","A"
"1","oanh","2","Câu 10","A","B","C","D","B"
"1","oanh","3","Câu 1","A","B","C","D","A"
"1","oanh","3","Câu 2","A","B","C","D","B"
"1","oanh","3","Câu 3","A","B","C","D","C"
"1","oanh","3","Câu 4","A","B","C","D","D"
"1","oanh","3","Câu 5","A","B","C","D","A"
"1","oanh","3","Câu 6","A","B","C","D","B"
"1","oanh","3","Câu 7","A","B","C","D","C"
"1","oanh","3","Câu 8","A","B","C","D","D"
"1","oanh","3","Câu 9","A","B","C","D","A"
"1","oanh","3","Câu 10","A","B","C","D","B"
"1","oanh","4","Câu 1","A","B","C","D","A"
"1","oanh","4","Câu 2","A","B","C","D","B"
"1","oanh","4","Câu 3","A","B","C","D","C"
"1","oanh","4","Câu 4","A","B","C","D","D"
"1","oanh","4","Câu 5","A","B","C","D","A"
"1","oanh","4","Câu 6","A","B","C","D","B"
"1","oanh","4","Câu 7","A","B","C","D","C"
"1","oanh","4","Câu 8","A","B","C","D","D"
"1","oanh","4","Câu 9","A","B","C","D","A"
"1","oanh","4","Câu 10","A","B","C","D","B"
